-- el_attender
delete from el_attender;
INSERT INTO el_attender (attender_id, cluster, create_time, domain, owner, update_time)
VALUES ('b358ca44e3fd4a8a8025d25d28b97477', 'DOCU','2018-12-20 13:00:59', 'ARP' ,NULL, '2018-12-20 13:01:13');
INSERT INTO el_attender (attender_id, cluster, create_time, domain, owner, update_time)
VALUES ('a04661542e8f4a43b6db924f79df66dc', 'DOCU','2018-12-20 13:00:59', 'DSH' ,NULL, '2018-12-20 13:01:13');
INSERT INTO el_attender (attender_id, cluster, create_time, domain, owner, update_time)
VALUES ('082380c7aa4d4db8ad7a22c5ff998010', 'DOCU','2018-12-20 13:00:59', 'HRC' ,NULL, '2018-12-20 13:01:13');
INSERT INTO el_attender (attender_id, cluster, create_time, domain, owner, update_time)
VALUES ('043af7042ffa4fd5b8f0f724557d61ea', 'DOCU','2018-12-20 13:00:59', 'LPMC' ,NULL, '2018-12-20 13:01:13');
INSERT INTO el_attender (attender_id, cluster, create_time, domain, owner, update_time)
VALUES ('4dce5afa79544179a1e6495f67cfc6bc', 'OPS','2018-12-20 13:00:59', 'EPA' ,NULL, '2018-12-20 13:01:13');
INSERT INTO el_attender (attender_id, cluster, create_time, domain, owner, update_time)
VALUES ('fa830461a2fc4a58b7ee3c7abe6957b4', 'OPS','2018-12-20 13:00:59', 'GDR' ,NULL, '2018-12-20 13:01:13');
INSERT INTO el_attender (attender_id, cluster, create_time, domain, owner, update_time)
VALUES ('da8e5c5e0efc4c5b868aa32740dbd2ea', 'OPS','2018-12-20 13:00:59', 'NC' ,NULL, '2018-12-20 13:01:13');
INSERT INTO el_attender (attender_id, cluster, create_time, domain, owner, update_time)
VALUES ('10e2131a966b45ce9600032c3da05d83', 'OPS','2018-12-20 13:00:59', 'PCM' ,NULL, '2018-12-20 13:01:13');
INSERT INTO el_attender (attender_id, cluster, create_time, domain, owner, update_time)
VALUES ('6eec277ac62f489da20e6af5a8ba4b13', 'OPS','2018-12-20 13:00:59', 'SPS' ,NULL, '2018-12-20 13:01:13');
INSERT INTO el_attender (attender_id, cluster, create_time, domain, owner, update_time)
VALUES ('a93b4b43885f4d0797865e49b6e4835a', 'OPS','2018-12-20 13:00:59', 'TSMC' ,NULL, '2018-12-20 13:01:13');
INSERT INTO el_attender (attender_id, cluster, create_time, domain, owner, update_time)
VALUES ('ea97fd03ee5b4e61906114f6da6f222a', 'PLAN','2018-12-20 13:00:59', 'ASM' ,NULL, '2018-12-20 13:01:13');
INSERT INTO el_attender (attender_id, cluster, create_time, domain, owner, update_time)
VALUES ('2a7e3d3bc2b748acaad404c98aa7fa72', 'PLAN','2018-12-20 13:00:59', 'EQM' ,NULL, '2018-12-20 13:01:13');
INSERT INTO el_attender (attender_id, cluster, create_time, domain, owner, update_time)
VALUES ('c460d62a32c04155a26148c9a3183f89', 'PLAN','2018-12-20 13:00:59', 'NSSO' ,NULL, '2018-12-20 13:01:13');
INSERT INTO el_attender (attender_id, cluster, create_time, domain, owner, update_time)
VALUES ('fa7b6e3f8b764863ae43dafe42888ac0', 'PLAN','2018-12-20 13:00:59', 'SAL' ,NULL, '2018-12-20 13:01:13');
INSERT INTO el_attender (attender_id, cluster, create_time, domain, owner, update_time)
VALUES ('fbceab9defff44b89a1607725888d1cf', 'PLAN','2018-12-20 13:00:59', 'ESAL' ,NULL, '2018-12-20 13:01:13');
INSERT INTO el_attender (attender_id, cluster, create_time, domain, owner, update_time)
VALUES ('b8889a9fea164b8cbf0b0e88469b1264', 'PLAN','2018-12-20 13:00:59', 'TNM' ,NULL, '2018-12-20 13:01:13');
INSERT INTO el_attender (attender_id, cluster, create_time, domain, owner, update_time)
VALUES ('a5912e4893f0439ba9238f4a2223a106', 'PLAN','2018-12-20 13:00:59', 'VID' ,NULL, '2018-12-20 13:01:13');
INSERT INTO el_attender (attender_id, cluster, create_time, domain, owner, update_time)
VALUES ('191f2acad00444a2a3160f1be75d40ad', 'SHP','2018-12-20 13:00:59', 'Auth' ,NULL, '2018-12-20 13:01:13');
INSERT INTO el_attender (attender_id, cluster, create_time, domain, owner, update_time)
VALUES ('f06462c55d6d490f81e148c398124ce3', 'SHP','2018-12-20 13:00:59', 'BCR' ,NULL, '2018-12-20 13:01:13');
INSERT INTO el_attender (attender_id, cluster, create_time, domain, owner, update_time)
VALUES ('73561149e13148779daa624fa4c8ce51', 'SHP','2018-12-20 13:00:59', 'BKG' ,NULL, '2018-12-20 13:01:13');
INSERT INTO el_attender (attender_id, cluster, create_time, domain, owner, update_time)
VALUES ('3b241bf95de145918b0afd0179406662', 'SHP','2018-12-20 13:00:59', 'CMN' ,NULL, '2018-12-20 13:01:13');
INSERT INTO el_attender (attender_id, cluster, create_time, domain, owner, update_time)
VALUES ('b4b87d67d7dc452abd9cd1a868e5cee7', 'SHP','2018-12-20 13:00:59', 'CPF' ,NULL, '2018-12-20 13:01:13');
INSERT INTO el_attender (attender_id, cluster, create_time, domain, owner, update_time)
VALUES ('c198300842ad4443917c74ab8fb5a269', 'SHP','2018-12-20 13:00:59', 'Home' ,NULL, '2018-12-20 13:01:13');
INSERT INTO el_attender (attender_id, cluster, create_time, domain, owner, update_time)
VALUES ('62f6dbd5300141278b65668bc0df8292', 'SHP','2018-12-20 13:00:59', 'SHP' ,NULL, '2018-12-20 13:01:13');
INSERT INTO el_attender (attender_id, cluster, create_time, domain, owner, update_time)
VALUES ('9f85f4dd69e04e1dab3ad73a299c3f85', 'SHP','2018-12-20 13:00:59', 'SHV' ,NULL, '2018-12-20 13:01:13');
COMMIT;

-- el_script_type
delete from el_script_type;
INSERT INTO el_script_type VALUES ('8e37068c557749208379170ac4ffe495', '2018-12-23 16:11:04', 'java -jar {0}', NULL, 'Java', '2018-12-23 16:11:04', NULL);
INSERT INTO el_script_type VALUES ('b399bb1885d94ed5bc34fff49baa3da6', '2018-12-23 16:11:35', 'node {0}', NULL, 'NodeJS', '2018-12-23 16:11:35', NULL);
INSERT INTO el_script_type VALUES ('466e256aa9a84476a3c132ed230ee2c8', '2018-12-23 16:11:35', 'loadtestrunner {0}', NULL, 'SoapUI', '2018-12-23 16:11:35', NULL);
INSERT INTO el_script_type VALUES ('605167dadff243d7adff9189f704dd50', '2018-12-23 16:11:35', 'wlrun.exe -TestPath {0} -Run -Close', NULL, 'LoadRunner', '2018-12-23 16:11:35', NULL);
COMMIT;
-- el_server
delete from el_server;
INSERT INTO el_server VALUES ('99d0bf2847f64b6d97bbcc00712f3ddd', '2018-12-22 09:14:17', 'zha-ita033-w10', 'zha-ita033-w10', 7788, '2018-12-22 09:15:21', 'D://loadtest');
INSERT INTO el_server VALUES ('d3622d6372874cd2943b2d37c88b9f81', '2018-12-22 09:14:17', 'ZHA-ITA041-W10', 'ZHA-ITA041-W10', 7788, '2018-12-22 09:15:21', 'D://loadtest');
INSERT INTO el_server VALUES ('8486b103538e4bc09766c64bf930cff1', '2018-12-22 09:14:17', 'ZHA-ITA042-W10','	ZHA-ITA042-W10', 7788, '2018-12-22 09:15:21', 'D://loadtest');
INSERT INTO el_server VALUES ('39eaf13cf63d4671aa21d56468618141', '2018-12-22 09:14:17', 'ZHA-ITA043-W10','	ZHA-ITA043-W10', 7788, '2018-12-22 09:15:21', 'D://loadtest');
COMMIT;

-- EL_SERVER_FOLDER
delete from EL_SERVER_FOLDER;
INSERT INTO EL_SERVER_FOLDER (FOLDER_ID, CREATE_TIME, SCRIPT_PATH, UPDATE_TIME, INIT_FOLDER, EL_ATTENDER_ID, SERVER_ID) VALUES ('832e400720f44014aa0416839c7317c2', '2018-12-22 09:15:21','','2018-12-22 09:15:21',0,'b358ca44e3fd4a8a8025d25d28b97477','99d0bf2847f64b6d97bbcc00712f3ddd');
INSERT INTO EL_SERVER_FOLDER (FOLDER_ID, CREATE_TIME, SCRIPT_PATH, UPDATE_TIME, INIT_FOLDER, EL_ATTENDER_ID, SERVER_ID) VALUES ('0be199d33ce94d949079297831caf620', '2018-12-22 09:15:21','','2018-12-22 09:15:21',0,'a04661542e8f4a43b6db924f79df66dc','99d0bf2847f64b6d97bbcc00712f3ddd');
INSERT INTO EL_SERVER_FOLDER (FOLDER_ID, CREATE_TIME, SCRIPT_PATH, UPDATE_TIME, INIT_FOLDER, EL_ATTENDER_ID, SERVER_ID) VALUES ('0ea8d5854fd741d89d67652863284e53', '2018-12-22 09:15:21','','2018-12-22 09:15:21',0,'082380c7aa4d4db8ad7a22c5ff998010','99d0bf2847f64b6d97bbcc00712f3ddd');
INSERT INTO EL_SERVER_FOLDER (FOLDER_ID, CREATE_TIME, SCRIPT_PATH, UPDATE_TIME, INIT_FOLDER, EL_ATTENDER_ID, SERVER_ID) VALUES ('e9c387a012124d4b9fe1050330be2c4f', '2018-12-22 09:15:21','','2018-12-22 09:15:21',0,'043af7042ffa4fd5b8f0f724557d61ea','99d0bf2847f64b6d97bbcc00712f3ddd');
INSERT INTO EL_SERVER_FOLDER (FOLDER_ID, CREATE_TIME, SCRIPT_PATH, UPDATE_TIME, INIT_FOLDER, EL_ATTENDER_ID, SERVER_ID) VALUES ('83c1c810a10e4b928db30bebca3d5582', '2018-12-22 09:15:21','','2018-12-22 09:15:21',0,'4dce5afa79544179a1e6495f67cfc6bc','99d0bf2847f64b6d97bbcc00712f3ddd');
INSERT INTO EL_SERVER_FOLDER (FOLDER_ID, CREATE_TIME, SCRIPT_PATH, UPDATE_TIME, INIT_FOLDER, EL_ATTENDER_ID, SERVER_ID) VALUES ('aa22bbff2db64746b10b848507917d14', '2018-12-22 09:15:21','','2018-12-22 09:15:21',0,'fa830461a2fc4a58b7ee3c7abe6957b4','d3622d6372874cd2943b2d37c88b9f81');
INSERT INTO EL_SERVER_FOLDER (FOLDER_ID, CREATE_TIME, SCRIPT_PATH, UPDATE_TIME, INIT_FOLDER, EL_ATTENDER_ID, SERVER_ID) VALUES ('31f1b89db94f4d6ab23a28a11e1e4a13', '2018-12-22 09:15:21','','2018-12-22 09:15:21',0,'da8e5c5e0efc4c5b868aa32740dbd2ea','d3622d6372874cd2943b2d37c88b9f81');
INSERT INTO EL_SERVER_FOLDER (FOLDER_ID, CREATE_TIME, SCRIPT_PATH, UPDATE_TIME, INIT_FOLDER, EL_ATTENDER_ID, SERVER_ID) VALUES ('869116f216914f468c2e990523179aa5', '2018-12-22 09:15:21','','2018-12-22 09:15:21',0,'10e2131a966b45ce9600032c3da05d83','d3622d6372874cd2943b2d37c88b9f81');
INSERT INTO EL_SERVER_FOLDER (FOLDER_ID, CREATE_TIME, SCRIPT_PATH, UPDATE_TIME, INIT_FOLDER, EL_ATTENDER_ID, SERVER_ID) VALUES ('f6369bb1c26740cfade5133fb1b89bba', '2018-12-22 09:15:21','','2018-12-22 09:15:21',0,'6eec277ac62f489da20e6af5a8ba4b13','d3622d6372874cd2943b2d37c88b9f81');
INSERT INTO EL_SERVER_FOLDER (FOLDER_ID, CREATE_TIME, SCRIPT_PATH, UPDATE_TIME, INIT_FOLDER, EL_ATTENDER_ID, SERVER_ID) VALUES ('3388f619d58a4ae391a11c1dfb7d0d66', '2018-12-22 09:15:21','','2018-12-22 09:15:21',0,'a93b4b43885f4d0797865e49b6e4835a','d3622d6372874cd2943b2d37c88b9f81');
INSERT INTO EL_SERVER_FOLDER (FOLDER_ID, CREATE_TIME, SCRIPT_PATH, UPDATE_TIME, INIT_FOLDER, EL_ATTENDER_ID, SERVER_ID) VALUES ('d2e58abcc8484c6abcd1c638a6c0b177', '2018-12-22 09:15:21','','2018-12-22 09:15:21',0,'ea97fd03ee5b4e61906114f6da6f222a','d3622d6372874cd2943b2d37c88b9f81');
INSERT INTO EL_SERVER_FOLDER (FOLDER_ID, CREATE_TIME, SCRIPT_PATH, UPDATE_TIME, INIT_FOLDER, EL_ATTENDER_ID, SERVER_ID) VALUES ('4df80aa235b14332a5aa5d62e6ee8882', '2018-12-22 09:15:21','','2018-12-22 09:15:21',0,'2a7e3d3bc2b748acaad404c98aa7fa72','d3622d6372874cd2943b2d37c88b9f81');
INSERT INTO EL_SERVER_FOLDER (FOLDER_ID, CREATE_TIME, SCRIPT_PATH, UPDATE_TIME, INIT_FOLDER, EL_ATTENDER_ID, SERVER_ID) VALUES ('1f3097a61efd4308aebcc176626a2935', '2018-12-22 09:15:21','','2018-12-22 09:15:21',0,'c460d62a32c04155a26148c9a3183f89','8486b103538e4bc09766c64bf930cff1');
INSERT INTO EL_SERVER_FOLDER (FOLDER_ID, CREATE_TIME, SCRIPT_PATH, UPDATE_TIME, INIT_FOLDER, EL_ATTENDER_ID, SERVER_ID) VALUES ('be1cc3949f054d10acd9167037a7d3db', '2018-12-22 09:15:21','','2018-12-22 09:15:21',0,'fa7b6e3f8b764863ae43dafe42888ac0','8486b103538e4bc09766c64bf930cff1');
INSERT INTO EL_SERVER_FOLDER (FOLDER_ID, CREATE_TIME, SCRIPT_PATH, UPDATE_TIME, INIT_FOLDER, EL_ATTENDER_ID, SERVER_ID) VALUES ('893f97af140642f18be26fa27fbc000b', '2018-12-22 09:15:21','','2018-12-22 09:15:21',0,'fbceab9defff44b89a1607725888d1cf','8486b103538e4bc09766c64bf930cff1');
INSERT INTO EL_SERVER_FOLDER (FOLDER_ID, CREATE_TIME, SCRIPT_PATH, UPDATE_TIME, INIT_FOLDER, EL_ATTENDER_ID, SERVER_ID) VALUES ('71d7fa60074d4affb40f3dac6281d734', '2018-12-22 09:15:21','','2018-12-22 09:15:21',0,'b8889a9fea164b8cbf0b0e88469b1264','8486b103538e4bc09766c64bf930cff1');
INSERT INTO EL_SERVER_FOLDER (FOLDER_ID, CREATE_TIME, SCRIPT_PATH, UPDATE_TIME, INIT_FOLDER, EL_ATTENDER_ID, SERVER_ID) VALUES ('f96699bed5a84438878ae83e630a480a', '2018-12-22 09:15:21','','2018-12-22 09:15:21',0,'a5912e4893f0439ba9238f4a2223a106','8486b103538e4bc09766c64bf930cff1');
INSERT INTO EL_SERVER_FOLDER (FOLDER_ID, CREATE_TIME, SCRIPT_PATH, UPDATE_TIME, INIT_FOLDER, EL_ATTENDER_ID, SERVER_ID) VALUES ('d10192b8ad4c4953bec6ad5272b07a57', '2018-12-22 09:15:21','','2018-12-22 09:15:21',0,'191f2acad00444a2a3160f1be75d40ad','8486b103538e4bc09766c64bf930cff1');
INSERT INTO EL_SERVER_FOLDER (FOLDER_ID, CREATE_TIME, SCRIPT_PATH, UPDATE_TIME, INIT_FOLDER, EL_ATTENDER_ID, SERVER_ID) VALUES ('fbc8772ceb5b4b69b052e03b2d464788', '2018-12-22 09:15:21','','2018-12-22 09:15:21',0,'f06462c55d6d490f81e148c398124ce3','8486b103538e4bc09766c64bf930cff1');
INSERT INTO EL_SERVER_FOLDER (FOLDER_ID, CREATE_TIME, SCRIPT_PATH, UPDATE_TIME, INIT_FOLDER, EL_ATTENDER_ID, SERVER_ID) VALUES ('1754812a78f9471ead7cdb21162fe1fe', '2018-12-22 09:15:21','','2018-12-22 09:15:21',0,'73561149e13148779daa624fa4c8ce51','8486b103538e4bc09766c64bf930cff1');
INSERT INTO EL_SERVER_FOLDER (FOLDER_ID, CREATE_TIME, SCRIPT_PATH, UPDATE_TIME, INIT_FOLDER, EL_ATTENDER_ID, SERVER_ID) VALUES ('fde6cf98c7754baa9138d6c4d277c7a9', '2018-12-22 09:15:21','','2018-12-22 09:15:21',0,'3b241bf95de145918b0afd0179406662','8486b103538e4bc09766c64bf930cff1');
INSERT INTO EL_SERVER_FOLDER (FOLDER_ID, CREATE_TIME, SCRIPT_PATH, UPDATE_TIME, INIT_FOLDER, EL_ATTENDER_ID, SERVER_ID) VALUES ('247d7f894fda407c960d1ff72e763c28', '2018-12-22 09:15:21','','2018-12-22 09:15:21',0,'b4b87d67d7dc452abd9cd1a868e5cee7','8486b103538e4bc09766c64bf930cff1');
INSERT INTO EL_SERVER_FOLDER (FOLDER_ID, CREATE_TIME, SCRIPT_PATH, UPDATE_TIME, INIT_FOLDER, EL_ATTENDER_ID, SERVER_ID) VALUES ('47f13dcf207c49b2a56b1d4617c5e54a', '2018-12-22 09:15:21','','2018-12-22 09:15:21',0,'c198300842ad4443917c74ab8fb5a269','39eaf13cf63d4671aa21d56468618141');
INSERT INTO EL_SERVER_FOLDER (FOLDER_ID, CREATE_TIME, SCRIPT_PATH, UPDATE_TIME, INIT_FOLDER, EL_ATTENDER_ID, SERVER_ID) VALUES ('a97510dcf0814c12b0e75b053368bdcc', '2018-12-22 09:15:21','','2018-12-22 09:15:21',0,'62f6dbd5300141278b65668bc0df8292','39eaf13cf63d4671aa21d56468618141');
INSERT INTO EL_SERVER_FOLDER (FOLDER_ID, CREATE_TIME, SCRIPT_PATH, UPDATE_TIME, INIT_FOLDER, EL_ATTENDER_ID, SERVER_ID) VALUES ('b59d01fe6ab54706a91c2ae695b53d50', '2018-12-22 09:15:21','','2018-12-22 09:15:21',0,'9f85f4dd69e04e1dab3ad73a299c3f85','39eaf13cf63d4671aa21d56468618141');
COMMIT;

















